ligand_id,label,best_affinity_kcal_mol,n_poses,worst_affinity_kcal_mol,MolWt,LogP,HBD,HBA,TPSA,RotatableBonds,HeavyAtoms,Formula,smiles
Acetaminophen,background,-6.628,9,-5.793,151.16,1.351,2,2,49.33,1,11,C8H9NO2,O=C(Nc1ccc(O)cc1)C
Alprazolam,background,-8.094,9,-4.024,308.77,3.58,0,3,43.07,1,22,C17H13ClN4,Cc1nnc2n1-c1ccc(Cl)cc1C(=NC2)c1ccccc1
Amlodipine,background,-6.909,9,-4.314,408.88,2.266,2,7,99.88,8,28,C20H25ClN2O5,CCOC(=O)C1=C(COCCN)NC(C)=C(C1c1ccccc1Cl)C(=O)OC
Amoxicillin,background,-7.859,9,-2.864,365.41,0.024,4,6,132.96,4,25,C16H19N3O5S,CC1(C)S[C@@H]2[C@H](NC(=O)[C@H](N)c3ccc(O)cc3)C(=O)N2[C@H]1C(=O)O
Aspirin,background,-7.071,9,-6.142,180.16,1.31,1,3,63.6,2,13,C9H8O4,CC(=O)OC1=CC=CC=C1C(=O)O
Atenolol,background,-7.575,9,-5.128,266.34,0.452,3,4,84.58,8,19,C14H22N2O3,CC(C)NCC(O)COc1ccc(CC(N)=O)cc1
Atorvastatin,background,-5.071,8,353.9,558.65,6.314,4,4,111.79,12,41,C33H35FN2O5,CC(C)c1c(C(=O)Nc2ccccc2)c(-c2ccccc2)c(-c2ccc(F)cc2)n1CC[C@@H](O)C[C@@H](O)CC(=O)O
Caffeine,background,-7.134,9,-6.279,194.19,-1.029,0,3,61.82,0,14,C8H10N4O2,O=C2N(c1ncn(c1C(=O)N2C)C)C
Celecoxib,background,-7.107,9,144.6,381.38,3.514,1,3,77.98,3,26,C17H14F3N3O2S,Cc1ccc(cc1)-c1cc(nn1-c1ccc(cc1)S(N)(=O)=O)C(F)(F)F
Ciprofloxacin,background,-6.727,9,1.356,331.35,1.583,2,4,74.57,3,24,C17H18FN3O3,OC(=O)c1cn(C2CC2)c2cc(N3CCNCC3)c(F)cc2c1=O
Citalopram,background,-8.609,9,-2.638,324.4,3.813,0,3,36.26,5,24,C20H21FN2O,CN(C)CCCC1(c2ccc(F)cc2)OCc2cc(C#N)ccc21
Diazepam,background,-7.306,9,-3.633,284.75,3.154,0,2,32.67,1,20,C16H13ClN2O,CN1c2ccc(Cl)cc2C(=NCC1=O)c1ccccc1
Diclofenac,background,-7.633,9,-6.576,296.15,4.364,2,2,49.33,4,19,C14H11Cl2NO2,OC(=O)Cc1ccccc1Nc1c(Cl)cccc1Cl
Diphenhydramine,background,-8.062,9,-6.499,255.36,3.354,0,2,12.47,6,19,C17H21NO,CN(C)CCOC(c1ccccc1)c1ccccc1
Donepezil,control,-10.37,9,0.7683,379.5,4.361,0,4,38.77,6,28,C24H29NO3,O=C2c1cc(OC)c(OC)cc1CC2CC4CCN(Cc3ccccc3)CC4
Fluconazole,background,-8.88,9,-6.434,306.28,0.736,1,5,81.65,5,22,C13H12F2N6O,OC(Cn1cncn1)(Cn1cncn1)c1ccc(F)cc1F
Fluoxetine,background,-9.073,9,-6.535,309.33,4.435,1,2,21.26,6,22,C17H18F3NO,CNCCC(Oc1ccc(cc1)C(F)(F)F)c1ccccc1
Furosemide,background,-7.937,9,-5.46,330.75,1.891,3,5,122.63,5,21,C12H11ClN2O5S,NS(=O)(=O)c1cc(C(=O)O)c(NCc2ccco2)cc1Cl
Gabapentin,background,-6.606,9,-5.155,171.24,1.37,2,2,63.32,3,12,C9H17NO2,NCC1(CC(=O)O)CCCCC1
Galantamine,control,-6.321,9,-1.289,287.36,1.85,1,4,41.93,1,21,C17H21NO3,O(c2c1O[C@H]4C[C@@H](O)/C=C\[C@@]43c1c(cc2)CN(C)CC3)C
Haloperidol,background,-10.04,9,-6.045,375.87,4.426,1,3,40.54,6,26,C21H23ClFNO2,OC1(c2ccc(Cl)cc2)CCN(CCCC(=O)c2ccc(F)cc2)CC1
Huperzine A,control,-9.752,9,-5.699,242.32,1.998,2,2,58.88,0,18,C15H18N2O,CC=C1C2CC3=C(C(=O)NC=C3)C1(N)CC(=C2)C
Ibuprofen,background,-7.38,9,-6.56,206.28,3.073,1,1,37.3,4,15,C13H18O2,CC(C)CC1=CC=C(C=C1)C(C)C(=O)O
Levodopa,background,-7.231,9,-6.318,197.19,0.052,4,4,103.78,3,14,C9H11NO4,N[C@@H](Cc1ccc(O)c(O)c1)C(=O)O
Lisinopril,background,-9.386,9,-6.985,405.5,1.235,4,5,132.96,12,29,C21H31N3O5,NCCCC[C@H](N[C@@H](CCc1ccccc1)C(=O)O)C(=O)N1CCC[C@H]1C(=O)O
Loratadine,background,-2.007,9,6.121,382.89,4.888,0,3,42.43,1,27,C22H23ClN2O2,CCOC(=O)N1CCC(=C2c3ccc(Cl)cc3CCc3cccnc32)CC1
Lorazepam,background,-7.338,9,-2.776,321.16,3.101,2,3,61.69,1,21,C15H10Cl2N2O2,OC1N=C(c2ccccc2Cl)c2cc(Cl)ccc2NC1=O
Losartan,background,-8.822,9,-6.107,422.92,4.267,2,5,92.51,8,30,C22H23ClN6O,CCCCc1nc(Cl)c(CO)n1Cc1ccc(cc1)-c1ccccc1-c1nn[nH]n1
Memantine,background,-7.94,9,-7.298,179.31,2.694,1,1,26.02,0,13,C12H21N,CC12CC3(C)CC(N)(C1)CC(C3)C2
Metformin,background,-5.171,9,-4.47,129.17,-1.244,3,1,91.49,0,9,C4H11N5,CN(C)C(=N)N=C(N)N
Metoprolol,background,-6.942,9,-5.763,267.37,1.613,2,4,50.72,9,19,C15H25NO3,COCCc1ccc(OCC(O)CNC(C)C)cc1
Morphine,background,-9.567,9,0.7977,285.34,1.198,2,4,52.93,0,21,C17H19NO3,CN1CC[C@]23c4c5ccc(O)c4O[C@H]2[C@@H](O)C=C[C@H]3[C@H]1C5
Naproxen,background,-8.152,9,-5.951,230.26,3.037,1,2,46.53,3,17,C14H14O3,COc1ccc2cc(ccc2c1)[C@H](C)C(=O)O
Nicotine,background,-6.656,9,-5.434,162.24,1.848,0,2,16.13,1,12,C10H14N2,CN1CCC[C@H]1c1cccnc1
Olanzapine,background,-7.455,9,53.62,312.44,3.439,1,5,30.87,0,22,C17H20N4S,Cc1cc2c(s1)Nc1ccccc1N=C2N1CCN(C)CC1
Omeprazole,background,-8.383,9,-5.053,345.42,2.9,1,5,77.1,5,24,C17H19N3O3S,COc1ccc2[nH]c(nc2c1)S(=O)Cc1ncc(C)c(OC)c1C
Prednisone,background,-5.416,9,6.871,358.43,1.766,2,5,91.67,2,26,C21H26O5,CC12CC(=O)C3C(CCC4=CC(=O)C=CC34C)C1CCC2(O)C(=O)CO
Pregabalin,background,-5.811,9,-5.118,159.23,1.082,2,2,63.32,5,11,C8H17NO2,CC(C)C[C@H](CN)CC(=O)O
Propranolol,background,-8.313,9,-7.009,259.35,2.578,2,3,41.49,6,19,C16H21NO2,CC(C)NCC(O)COc1cccc2ccccc12
Quetiapine,background,-5.517,9,142.8,383.52,2.856,1,6,48.3,5,27,C21H25N3O2S,OCCOCCN1CCN(C2=Nc3ccccc3Sc3ccccc32)CC1
Ranitidine,background,-6.73,9,-5.94,314.41,1.459,2,7,83.58,10,21,C13H22N4O3S,CNC(=C[N+](=O)[O-])NCCSCc1ccc(CN(C)C)o1
Rasagiline,background,-7.662,9,-6.365,171.24,1.897,1,1,12.03,2,13,C12H13N,C#CCN[C@H]1CCc2ccccc21
Risperidone,background,-9.588,9,-2.732,410.49,3.59,0,5,64.16,4,30,C23H27FN4O2,Cc1nc2n(c(=O)c1CCN1CCC(c3noc4cc(F)ccc34)CC1)CCCC2
Rivastigmine,control,-7.124,9,-5.449,250.34,2.76,0,3,32.78,4,18,C14H22N2O2,CCN(C)C(=O)Oc1cccc(c1)[C@@H](C)N(C)C
Selegiline,background,-6.937,9,30.64,187.29,2.183,0,1,3.24,4,14,C13H17N,C#CCN(C)[C@@H](C)Cc1ccccc1
Sertraline,background,-9.497,9,-5.183,306.24,5.18,1,1,12.03,2,20,C17H17Cl2N,CN[C@H]1CC[C@@H](c2ccc(Cl)c(Cl)c2)c2ccccc21
Simvastatin,background,-9.739,9,-1.541,418.57,4.586,1,5,72.83,6,30,C25H38O5,CCC(C)(C)C(=O)O[C@H]1C[C@H](C)C=C2C=C[C@H](C)[C@H](CC[C@@H]3C[C@@H](O)CC(=O)O3)[C@@H]12
Tacrine,control,-8.011,9,-6.946,198.27,2.696,1,2,38.91,0,15,C13H14N2,NC1=C2CCCCC2=NC2=CC=CC=C12
Tramadol,background,-8.227,9,-4.89,263.38,2.635,1,3,32.7,4,19,C16H25NO2,COc1cccc(c1)C1(O)CCCC[C@@H]1CN(C)C
Warfarin,background,-9.838,9,-4.179,308.33,3.61,1,4,67.51,4,23,C19H16O4,CC(=O)CC(c1ccccc1)c1c(O)c2ccccc2oc1=O
